PDV,Latitud Facturacion,Longitud Facturacion,Latitud Check in ,Longitud Check in ,Latitud FA,Longitud FA
AB AVILA AHOME,25.7866635,-108.9889375,25.7873999,-108.994764,, 
AB AVILA AHOME,25.7866635,-108.9889375,25.7653649,-108.9949615,, 
AB AVILA AHOME,25.7866635,-108.9889375,,,, 
AB AVILA YARDA,25.778339,-108.983551,25.8210159,-109.002248,, 
AB AVILA YARDA,25.778339,-108.983551,25.768623,-108.9957511,, 
AB AVILA YARDA,25.778339,-108.983551,,,, 
CASA VARGAS AYOTLA,19.324569,-98.944576,,,, 
NEGRETE SUBODEGA,21.983737,-99.014909,22.0255325,-99.0261482,, 
NEGRETE SUBODEGA,21.983737,-99.014909,21.9955816,-99.0248001,, 
PG00351|BENAVIDES SUC. ANAHUAC,25.739584,-100.30241,25.7453291,-100.3023621,, 
PG00351|BENAVIDES SUC. ANAHUAC,25.739584,-100.30241,25.74537,-100.3016656,, 
PG00354|FARMACIAS DEL AHORRO SUC. SAN MATEO PUENTE,19.28479533,-99.53053,19.2763991,-99.5907746,, 
PG00354|FARMACIAS DEL AHORRO SUC. SAN MATEO PUENTE,19.28479533,-99.53053,,,, 
PG00501|CHEDRAUI SUC. MATAMOROS II,25.836282,-97.499546,25.8357136,-97.5006992,, 
PG00606|FARMACIAS DEL AHORRO SUC. ALAMEDA,18.9628245,-100.390006,20.5878032,-100.3900212,, 
PG00606|FARMACIAS DEL AHORRO SUC. ALAMEDA,18.9628245,-100.390006,,,, 
PG00645|FARMACIAS DEL AHORRO SUC. LOPEZ RAYON,19.288007,-99.652765,19.2908297,-99.6583484,, 
PG00805|BENAVIDES SUC. 5 DE FEBRERO,24.02391825,-104.6674053,,,, 
PG01315|WALMART SUC. TAXQUEÑA,19.34489436,-99.18191682,19.3821212,-99.1932579,, 
PG01512|SORIANA HIPER SUC. HAMBURGO,25.594154,-103.503253,25.6092795,-103.4915461,, 
PG01778|BENAVIDES SUC. BLVD. MATEOS,29.330218,-100.944434,,,, 
PG02014|FARMACIAS GUADALAJARA SUC. COLIMA MADERO,19.24195325,-103.7263731,,,, 
PG02093|BODEGA AURRERA SUC. CABEZA DE JUAREZ,19.37776514,-99.05792286,19.3411111,-99.0631709,, 
PG02093|BODEGA AURRERA SUC. CABEZA DE JUAREZ,19.37776514,-99.05792286,19.3726393,-99.0572803,, 
PG02093|BODEGA AURRERA SUC. CABEZA DE JUAREZ,19.37776514,-99.05792286,,,, 
PG02306|FARMACIAS MODERNA SUC. ZONA DORADA,23.24193914,-106.4477217,,,, 
PG02413|WALMART SUC. CARRETERA 57,22.137315,-101.002664,22.1380511,-100.9357364,, 
PG02413|WALMART SUC. CARRETERA 57,22.137315,-101.002664,22.1380662,-100.9357432,, 
PG02533|MERCADO SORIANA SUC. CENTER PLAZA ARAGON,19.464759,-99.05685078,19.5162362,-99.0351418,, 
PG02533|MERCADO SORIANA SUC. CENTER PLAZA ARAGON,19.464759,-99.05685078,19.5160516,-99.0349064,, 
PG02656|CHEDRAUI SUC. IZTAPALAPA,19.35906,-99.063319,,,, 
PG02948|FARMACIAS GUADALAJARA SUC. COLIMA MAESTROS,19.2523125,-103.7225246,,,, 
PG02965|FARMACIAS DEL AHORRO SUC. AV. MEXICO,19.310179,-99.2302761,,,, 
PG03107|CHEDRAUI SUC. MADERO,22.254012,-97.854088,22.2152758,-97.8606416,, 
PG03109|FARMACIAS MODERNA SUC. CENTRAL CAMIONERA,23.225774,-106.420471,23.2541458,-106.4377506,, 
PG03109|FARMACIAS MODERNA SUC. CENTRAL CAMIONERA,23.225774,-106.420471,,,, 
PG03221|BODEGA AURRERA SUC. LOS ANGELES IZTAPALAPA,19.34591,-99.06917475,19.3369017,-99.06438494,, 
PG03221|BODEGA AURRERA SUC. LOS ANGELES IZTAPALAPA,19.34591,-99.06917475,,,, 
PG03227|LA COMER SUC. LAS TORRES,19.35305917,-99.01236333,19.3437562,-99.033691,, 
PG03227|LA COMER SUC. LAS TORRES,19.35305917,-99.01236333,19.3428915,-99.0451686,, 
PG03227|LA COMER SUC. LAS TORRES,19.35305917,-99.01236333,,,, 
PG03230|BODEGA AURRERA SUC. IZTAPALAPA,19.354857,-99.103939,,,, 
PG03307|FARMACIAS GUADALAJARA SUC. COLIMA LOMAS,19.2527975,-103.7129861,19.2582042,-103.7109978,, 
PG03307|FARMACIAS GUADALAJARA SUC. COLIMA LOMAS,19.2527975,-103.7129861,19.2567765,-103.7106358,, 
PG03309|FARMACIAS DEL AHORRO SUC. FELIX CUEVAS,19.37200538,-99.171118,,,, 
PG03359|BENAVIDES SUC. URDINOLA,25.4155923,-100.9865733,25.4713856,-100.9728641,, 
PG03508|FARMACIAS DEL AHORRO SUC. SANTIAGO CENTRO,19.18074,-99.468743,19.2277594,-99.633623,, 
PG03508|FARMACIAS DEL AHORRO SUC. SANTIAGO CENTRO,19.18074,-99.468743,19.2282168,-99.6325027,, 
PG03508|FARMACIAS DEL AHORRO SUC. SANTIAGO CENTRO,19.18074,-99.468743,,,, 
PG03711|FARMACIAS DEL AHORRO SUC. LAS FLORES,19.652293,-99.093669,,,, 
PG03998|FARMACIAS GUADALAJARA SUC. SAN LUIS POTOSI JARDINE,22.1448408,-101.0060577,22.1471876,-101.0133805,, 
PG04073|SORIANA HIPER SUC. CIGARRERA,21.4914786,-104.883226,21.4975025,-104.8842167,21.49767764,-104.8842654
PG04073|SORIANA HIPER SUC. CIGARRERA,21.4914786,-104.883226,21.4971724,-104.8833838,21.49767764,-104.8842654
PG04073|SORIANA HIPER SUC. CIGARRERA,21.4914786,-104.883226,21.4975258,-104.8841974,21.49767764,-104.8842654
PG04073|SORIANA HIPER SUC. CIGARRERA,21.4914786,-104.883226,21.4974613,-104.8842133,21.49767764,-104.8842654
PG04178|WALMART SUC. TEPIC,21.491594,-104.8811344,,,, 
PG04184|FARMACIAS DEL AHORRO SUC. BARRANCA,19.362011,-99.182785,,,, 
PG04186|FARMACIAS MODERNA SUC. CLINICA DEL MAR,23.238483,-106.43036,23.24764732,-106.4307139,, 
PG04186|FARMACIAS MODERNA SUC. CLINICA DEL MAR,23.238483,-106.43036,23.22576427,-106.3956958,, 
PG04189|BENAVIDES SUC. NAYARABASTOS,21.474731,-104.859803,21.4884715,-104.8803067,, 
PG04224|FARMACIAS GUADALAJARA SUC. TOLUCA ISIDRO FABELA,19.287068,-99.641772,19.2761932,-99.6455658,, 
PG04830|BODEGA AURRERA SUC. FUENTES DEL VALLE,19.628823,-99.140608,19.6365741,-99.0971787,, 
PG05064|FARMACIAS DEL AHORRO SUC. MATIAS ROMERO,19.381661,-99.171631,19.3681966,-99.1768306,, 
PG05064|FARMACIAS DEL AHORRO SUC. MATIAS ROMERO,19.381661,-99.171631,19.3586987,-99.0929414,, 
PG05064|FARMACIAS DEL AHORRO SUC. MATIAS ROMERO,19.381661,-99.171631,19.3748063,-99.1632256,, 
PG05064|FARMACIAS DEL AHORRO SUC. MATIAS ROMERO,19.381661,-99.171631,19.3747589,-99.1629781,, 
PG05064|FARMACIAS DEL AHORRO SUC. MATIAS ROMERO,19.381661,-99.171631,,,, 
PG05143|FARMACIAS MODERNA SUC. ALEMAN,23.196238,-106.420885,23.2253993,-106.4205416,, 
PG05143|FARMACIAS MODERNA SUC. ALEMAN,23.196238,-106.420885,,,, 
PG05179|BENAVIDES SUC. MIRADOR,28.644404,-106.1123593,28.6443247,-106.1124429,, 
PG05713|FARMACIAS DEL AHORRO SUC. JUAREZ,19.2809215,-99.6407525,,,, 
PG05732|CHEDRAUI SELECTO SUC. INTERLOMAS,19.4051317,-99.2722083,,,, 
PG06033|FARMACIAS MODERNA SUC. POLIMEDICA,23.24264022,-106.4412975,,,, 
PG06111|HEB SUC. NUEVO LAREDO,27.461788,-99.510868,27.4576517,-99.5134489,, 
PG06345|WALMART SUC. FELIX CUEVAS,19.372456,-99.176259,,,, 
PG06413|FARMACIAS MODERNA SUC. JABALIES,23.253146,-106.409987,23.2238147,-106.4157429,, 
PG06413|FARMACIAS MODERNA SUC. JABALIES,23.253146,-106.409987,,,, 
PG06578|WALMART SUC. COLIMA NORTE,19.25630695,-103.7212846,19.2822303,-103.7313545,, 
PG06608|BENAVIDES SUC. PINOS,21.479761,-104.89207,21.5261091,-104.8878122,, 
PG06608|BENAVIDES SUC. PINOS,21.479761,-104.89207,21.4733709,-104.8898179,, 
PG06608|BENAVIDES SUC. PINOS,21.479761,-104.89207,,,, 
PG06658|FARMACIAS DEL AHORRO SUC. OLIVAR DE LOS PADRES,19.340717,-99.210065,19.378606,-99.1920863,, 
PG06658|FARMACIAS DEL AHORRO SUC. OLIVAR DE LOS PADRES,19.340717,-99.210065,19.3821002,-99.1932658,, 
PG06658|FARMACIAS DEL AHORRO SUC. OLIVAR DE LOS PADRES,19.340717,-99.210065,,,, 
PG06720|BENAVIDES SUC. DEL VALLE,21.491139,-104.88303,21.4918676,-104.8880159,, 
PG06720|BENAVIDES SUC. DEL VALLE,21.491139,-104.88303,21.5261613,-104.8877599,, 
PG06720|BENAVIDES SUC. DEL VALLE,21.491139,-104.88303,,,, 
PG06722|WALMART SUC. UNIVERSIDAD,19.36913618,-99.16435136,19.3748021,-99.1631137,, 
PG06722|WALMART SUC. UNIVERSIDAD,19.36913618,-99.16435136,19.3748114,-99.1632062,, 
PG06722|WALMART SUC. UNIVERSIDAD,19.36913618,-99.16435136,,,, 
PG06941|BODEGA AURRERA SUC. ZARAGOZA,19.392888,-99.051085,19.3738594,-99.0586104,, 
PG06941|BODEGA AURRERA SUC. ZARAGOZA,19.392888,-99.051085,,,, 
PG07283|FARMACIAS MODERNA SUC. JUAREZ II,23.231957,-106.403855,,,, 
PG07632|SORIANA HIPER SUC. PORVENIR,31.6582856,-106.3606896,31.6507931,-106.3564797,, 
PG07632|SORIANA HIPER SUC. PORVENIR,31.6582856,-106.3606896,,,, 
PG07726|FARMACIAS DEL AHORRO SUC. SOFIA,19.35819886,-99.18974214,19.3821247,-99.1932591,, 
PG07726|FARMACIAS DEL AHORRO SUC. SOFIA,19.35819886,-99.18974214,19.3725073,-99.1930277,, 
PG07726|FARMACIAS DEL AHORRO SUC. SOFIA,19.35819886,-99.18974214,,,, 
PG07747|SORIANA HIPER SUC. SAN JERONIMO,19.330478,-99.208962,19.3820953,-99.1932952,, 
PG07747|SORIANA HIPER SUC. SAN JERONIMO,19.330478,-99.208962,19.3821184,-99.1932753,, 
PG07747|SORIANA HIPER SUC. SAN JERONIMO,19.330478,-99.208962,,,, 
PG07748|BENAVIDES SUC. CENTRO DE MONTERREY,25.6735358,-100.3146382,25.6672584,-100.3121278,, 
PG07748|BENAVIDES SUC. CENTRO DE MONTERREY,25.6735358,-100.3146382,25.6672233,-100.3120999,, 
PG07748|BENAVIDES SUC. CENTRO DE MONTERREY,25.6735358,-100.3146382,25.6672813,-100.3120363,, 
PG07791|SUMESA SUC. CENTENARIO,19.357662,-99.163043,19.3732526,-99.1626578,, 
PG07792|BENAVIDES SUC. MITRAS,25.696741,-100.343694,25.7046037,-100.2857883,, 
PG07792|BENAVIDES SUC. MITRAS,25.696741,-100.343694,25.6965397,-100.3434231,, 
PG07944|LA COMER SUC. INSURGENTES,19.366736,-99.181837,19.3724697,-99.1761703,, 
PG07944|LA COMER SUC. INSURGENTES,19.366736,-99.181837,,,, 
PG08028|FARMACIAS GUADALAJARA SUC. MAZATLAN 2,23.202617,-106.420508,23.2317801,-106.4195328,, 
PG08028|FARMACIAS GUADALAJARA SUC. MAZATLAN 2,23.202617,-106.420508,23.232107,-106.4194286,, 
PG08028|FARMACIAS GUADALAJARA SUC. MAZATLAN 2,23.202617,-106.420508,,,, 
PG08068|FARMACIAS GUADALAJARA SUC. QUERETARO LUIS PASTEUR,20.5861735,-100.385335,20.6253861,-100.4596958,, 
PG08085|FARMACIAS GUADALAJARA SUC. COLIMA HIDALGO,19.2420141,-103.728288,,,, 
PG08113|WALMART SUC. TEPEYAC,19.4715163,-99.1198172,,,, 
PG08122|FARMACIAS GUADALAJARA SUC. AGUASCALIENTES UNIVERSI,21.909539,-102.310654,,,, 
PG08130|FARMACIAS GUADALAJARA SUC. TOLUCA CALZ.DEL PACIFICO,19.257163,-99.695732,19.2627254,-99.644678,, 
PG08130|FARMACIAS GUADALAJARA SUC. TOLUCA CALZ.DEL PACIFICO,19.257163,-99.695732,19.2889695,-99.6982422,, 
PG08130|FARMACIAS GUADALAJARA SUC. TOLUCA CALZ.DEL PACIFICO,19.257163,-99.695732,,,, 
PG08169|FARMACIAS GUADALAJARA SUC. TORREON LOS ANGELES,25.551993,-103.449872,,,, 
PG08189|FARMACIAS GUADALAJARA SUC. TOLUCA HIDALGO,19.29044767,-99.66298333,19.2620963,-99.6445976,, 
PG08189|FARMACIAS GUADALAJARA SUC. TOLUCA HIDALGO,19.29044767,-99.66298333,,,, 
PG08232|FARMACIAS GUADALAJARA SUC. TOLUCA BOSQUES DE COLON,19.257595,-99.659694,,,, 
PG08239|FARMACIAS GUADALAJARA SUC. SAN LUIS POTOSI CHAPULT,22.1348476,-101.0074612,22.1264742,-101.0175921,, 
PG08245|FARMACIAS GUADALAJARA SUC. QUERETARO AMSTERDAN,20.564265,-100.399862,20.5458383,-100.4148641,, 
PG08245|FARMACIAS GUADALAJARA SUC. QUERETARO AMSTERDAN,20.564265,-100.399862,,,, 
PG08290|FARMACIAS GUADALAJARA SUC. DURANGO BLVD. DURANGO,24.00897,-104.69374,24.010937,-104.6685622,, 
PG08290|FARMACIAS GUADALAJARA SUC. DURANGO BLVD. DURANGO,24.00897,-104.69374,24.0109453,-104.668654,, 
PG08290|FARMACIAS GUADALAJARA SUC. DURANGO BLVD. DURANGO,24.00897,-104.69374,24.0109603,-104.668477,, 
PG08545|WALMART SUC. TLALPAN,19.380296,-99.141278,,,, 
PG08637|SORIANA HIPER SUC. LIBRAMIENTO C.J.,31.624876,-106.353089,,,, 
PG08648|FARMACON SUC. NUEVO CULIACAN,24.78395,-107.41119,24.7387895,-107.3935421,, 
PG08802|FARMACIAS DEL AHORRO SUC. SANTA TERESA,19.30739683,-99.21307067,,,, 
PG09087|SORIANA HIPER SUC. SENDERO PERIFERICO,26.05361183,-98.36402933,26.0472675,-98.3565935,, 
PG09255|BENAVIDES SUC. PERIFERICO REYNOSA,26.05463586,-98.36492429,,,, 
PG09401|FARMACIAS DEL AHORRO SUC. TERMINAL,19.2770706,-99.643712,19.2759104,-99.6357721,, 
PG09401|FARMACIAS DEL AHORRO SUC. TERMINAL,19.2770706,-99.643712,,,, 
PG09478|BENAVIDES SUC. HERON RAMIREZ,26.0796555,-98.28736545,,,, 
PG09587|SORIANA HIPER SUC. COLIMA,19.272605,-103.737437,,,, 
PG09648|BENAVIDES SUC. JAZMINES,32.66476,-115.416208,,,, 
PG09675|WALMART SUC. CULIACAN,24.814754,-107.409167,,,, 
PG09706|SORIANA HIPER SUC. LOS CABOS,22.90387,-109.932,,,, 
PG09848|FARMACIAS DEL AHORRO SUC. LA HERRADURA,19.4291286,-99.2414698,19.4183234,-99.2672981,, 
PG09848|FARMACIAS DEL AHORRO SUC. LA HERRADURA,19.4291286,-99.2414698,19.4184608,-99.2669716,, 
PG09848|FARMACIAS DEL AHORRO SUC. LA HERRADURA,19.4291286,-99.2414698,19.418588,-99.2668207,, 
PG09848|FARMACIAS DEL AHORRO SUC. LA HERRADURA,19.4291286,-99.2414698,19.4185874,-99.2666997,, 
PG09848|FARMACIAS DEL AHORRO SUC. LA HERRADURA,19.4291286,-99.2414698,19.4671009,-99.2376892,, 
PG09848|FARMACIAS DEL AHORRO SUC. LA HERRADURA,19.4291286,-99.2414698,,,, 
PG10180|FARMACIAS GUADALAJARA SUC. SANTIAGO IXCUINTLA,21.8082014,-105.2060063,21.5130781,-104.8990337,, 
PG10583|FARMACIAS MODERNA SUC. EL DORADO,23.25063328,-106.4549674,,,, 
PG10887|FARMACIAS GUADALAJARA SUC. MATAMOROS NICOLAS BRAVO,25.883999,-97.499271,25.8778039,-97.5109051,, 
PG10887|FARMACIAS GUADALAJARA SUC. MATAMOROS NICOLAS BRAVO,25.883999,-97.499271,,,, 
PG10916|FARMACIAS DEL AHORRO SUC. SANTA LUCIA,19.3726445,-99.209335,19.3896217,-99.20151,, 
PG10939|FARMACIAS GUADALAJARA SUC. REYNOSA AV. OCCIDENTAL,26.072443,-98.291727,26.0053952,-98.258739,, 
PG10963|FARMACIAS GUADALAJARA SUC. VALLE HERMOSSO AV. VIST,26.05103107,-98.29920468,26.056534,-98.297724,, 
PG10996|FARMACIAS GUADALAJARA SUC. CD. MADERO AV. TAMAULIP,22.277233,-97.833159,22.2766767,-97.8422237,, 
PG11043|COSMOFARMACIAS/OSUNA PONCE AURELIO,31.8593976,-116.6044972,,,, 
PG11165|FARMACIAS GUADALAJARA SUC. CHIHUAHUA FRANCISCO VIL,28.6565954,-106.114866,28.6529385,-106.1098119,, 
PG11219|MEDEXX FARMACIAS SUC. CHAPALA,25.57672109,-103.5214361,,,, 
PG11326|FARMACIAS GUADALAJARA SUC. CULIACAN BENITO JUAREZ,24.807429,-107.375575,,,, 
PG11385|FARMACIAS ROMA SUC. STA. FE,32.4426024,-117.0365902,,,, 
PG11404|FARMACIAS MODERNA SUC. PLAYAS,23.2536232,-106.4220916,23.22957176,-106.3976845,, 
PG11407|FARMACIAS GUADALAJARA SUC. MAZATLAN AV. EJERCITO M,23.224717,-106.419832,23.2802883,-106.4348233,, 
PG11407|FARMACIAS GUADALAJARA SUC. MAZATLAN AV. EJERCITO M,23.224717,-106.419832,23.2804779,-106.4350312,, 
PG11407|FARMACIAS GUADALAJARA SUC. MAZATLAN AV. EJERCITO M,23.224717,-106.419832,23.2809401,-106.4354863,, 
PG11407|FARMACIAS GUADALAJARA SUC. MAZATLAN AV. EJERCITO M,23.224717,-106.419832,23.2317766,-106.4195273,, 
PG11407|FARMACIAS GUADALAJARA SUC. MAZATLAN AV. EJERCITO M,23.224717,-106.419832,,,, 
PG11408|FARMACIAS GUADALAJARA SUC. MAZATLAN INFONAVIT ALAR,23.267328,-106.411389,23.25350992,-106.4193755,, 
PG11408|FARMACIAS GUADALAJARA SUC. MAZATLAN INFONAVIT ALAR,23.267328,-106.411389,23.26956025,-106.4190369,, 
PG11408|FARMACIAS GUADALAJARA SUC. MAZATLAN INFONAVIT ALAR,23.267328,-106.411389,,,, 
PG11437|FARMACIAS GUADALAJARA SUC. NUEVO LAREDO LOS ALAMOS,27.460404,-99.506223,27.4949163,-99.5118064,, 
PG11462|FARMACON SUC. 16 DE SEPTIEMBRE,25.574,-108.4636867,25.5699709,-108.4611765,, 
PG11462|FARMACON SUC. 16 DE SEPTIEMBRE,25.574,-108.4636867,,,, 
PG11463|FARMACON SUC. GUASAVE,25.561094,-108.46178,25.5655057,-108.4558125,, 
PG11546|FARMACIAS GUADALAJARA SUC. MONTERREY LAZARO CARDEN,25.637164,-100.309883,,,, 
PG11560|FARMACIAS GUADALAJARA SUC. GUADALUPE EL CAMPESTRE,25.68239404,-100.2338444,25.7180439,-100.1792553,, 
PG11560|FARMACIAS GUADALAJARA SUC. GUADALUPE EL CAMPESTRE,25.68239404,-100.2338444,25.6776966,-100.2328516,, 
PG11560|FARMACIAS GUADALAJARA SUC. GUADALUPE EL CAMPESTRE,25.68239404,-100.2338444,,,, 
PG11603|BENAVIDES SUC. TEPIC TECNOLOGICO,21.472649,-104.854424,21.4744428,-104.8604068,, 
PG11603|BENAVIDES SUC. TEPIC TECNOLOGICO,21.472649,-104.854424,21.5218287,-104.8881968,, 
PG11603|BENAVIDES SUC. TEPIC TECNOLOGICO,21.472649,-104.854424,21.526134,-104.8877546,, 
PG11650|FARMACIAS GUADALAJARA SUC. MONTERREY AV. RODRIGO G,25.732703,-100.342744,,,, 
PG12287|FARMACIAS GUADALAJARA SUC. SANTIAGO IXCUINTLA 20 DE NOVIEMBRE,21.808679,-105.2105467,21.5104537,-104.8933854,, 
PG12484|FARMACIAS GUADALAJARA SUC. GUADALUPE AV. LAS AMERI,25.703348,-100.246606,25.7113141,-100.186834,, 
PG12658|FARMACIAS GUADALAJARA SUC. NUEVO LAREDO HEROE DE N,27.48725429,-99.51273386,,,, 
PG12734|BENAVIDES SUC. PROL. MONTERREY,27.45293933,-99.53193733,27.4670537,-99.5139569,, 
PG13022|FARMACIAS GUADALAJARA SUC. CD. MADERO AV. TORRE CA,22.276707,-97.842347,22.2772301,-97.8332382,, 
PG13153|FARMACIAS DEL AHORRO SUC. GANADEROS,19.34986,-99.11123632,19.353526,-99.1070545,, 
PG13153|FARMACIAS DEL AHORRO SUC. GANADEROS,19.34986,-99.11123632,,,, 
PG13156|BENAVIDES SUC. CHURUBUSCO,19.3611986,-99.1707212,19.3748264,-99.1630362,, 
PG13156|BENAVIDES SUC. CHURUBUSCO,19.3611986,-99.1707212,19.3748399,-99.1631144,, 
PG13156|BENAVIDES SUC. CHURUBUSCO,19.3611986,-99.1707212,,,, 
PG13238|FARMACIAS GUADALAJARA SUC. TECAMAC VILLAS DEL REAL,19.689303,-98.986943,19.7119967,-98.9748233,, 
PG13239|FARMACIAS GUADALAJARA SUC. CHALCO SAN ISIDRO,19.257706,-98.891283,19.2621597,-98.9055004,, 
PG13276|FARMACIAS MODERNA SUC. BICENTENARIO II,23.256636,-106.429553,,,, 
PG13565|BENAVIDES SUC. LA RIOJA,29.082655,-111.01194,,,, 
PG13584|BENAVIDES SUC. URUGUAY,19.4310292,-99.1399724,,,, 
PG13743|FARMACIAS DEL AHORRO SUC. SANTIAGO TIANGUISTENGO II,19.17851086,-99.46604271,19.2306546,-99.6295485,, 
PG13743|FARMACIAS DEL AHORRO SUC. SANTIAGO TIANGUISTENGO II,19.17851086,-99.46604271,,,, 
PG13799|WALMART SUC. TERCER ANILLO,19.28083014,-103.7320936,,,, 
PG13853|FARMACIAS GUADALAJARA SUC. ALVARO OBREGON SAN ANGEL,19.349986,-99.190901,19.3821056,-99.1932791,, 
PG13853|FARMACIAS GUADALAJARA SUC. ALVARO OBREGON SAN ANGEL,19.349986,-99.190901,19.3820982,-99.1932734,, 
PG13853|FARMACIAS GUADALAJARA SUC. ALVARO OBREGON SAN ANGEL,19.349986,-99.190901,19.3821104,-99.1932666,, 
PG13853|FARMACIAS GUADALAJARA SUC. ALVARO OBREGON SAN ANGEL,19.349986,-99.190901,,,, 
PG13924|FARMACIAS DEL AHORRO SUC. REVOLUCION EUROPA,25.62987,-100.272753,25.6207695,-100.2671983,, 
PG14297|FARMACIAS GUADALAJARA SUC. AZCAPOTZALCO PRO HOGAR,19.474317,-99.15251867,19.4866986,-99.217331,, 
PG14443|FARMACIAS GUADALAJARA SUC. TLALPAN AV. OPICHEN,19.295527,-99.232149,,,, 
PG14845|BODEGA AURRERA SUC. ALMOLOYA,19.36096649,-99.75245554,19.3253891,-99.7344014,, 
PG14921|FARMACIAS KLYNS SUC. CAMPESTRE,25.554106,-103.498635,25.5447784,-103.5189869,, 
PG14921|FARMACIAS KLYNS SUC. CAMPESTRE,25.554106,-103.498635,25.5535789,-103.4923993,, 
PG14921|FARMACIAS KLYNS SUC. CAMPESTRE,25.554106,-103.498635,,,, 
PG14936|BENAVIDES SUC. CENTENARIO,19.3577773,-99.1634045,19.3748336,-99.1631284,, 
PG14936|BENAVIDES SUC. CENTENARIO,19.3577773,-99.1634045,19.3748039,-99.1631718,, 
PG14936|BENAVIDES SUC. CENTENARIO,19.3577773,-99.1634045,,,, 
PG14940|FARMACIAS GUADALAJARA SUC. IZTAPALAPA SANTA CRUZ,19.34912444,-99.03849467,19.3446701,-99.0244982,, 
PG14961|FARMACIAS GUADALAJARA SUC. XALISCO NUEVO PROGRESO,21.4598554,-104.893436,21.4656735,-104.8891635,, 
PG14961|FARMACIAS GUADALAJARA SUC. XALISCO NUEVO PROGRESO,21.4598554,-104.893436,21.4837722,-104.8877716,, 
PG14961|FARMACIAS GUADALAJARA SUC. XALISCO NUEVO PROGRESO,21.4598554,-104.893436,,,, 
PG15159|FARMACIAS DEL AHORRO SUC. PERIFERICO OTE.,19.3359136,-99.0640883,19.35087105,-99.07389372,, 
PG15159|FARMACIAS DEL AHORRO SUC. PERIFERICO OTE.,19.3359136,-99.0640883,,,, 
PG15169|FARMACIAS DEL AHORRO SUC. MIRAVALLE,21.47342154,-104.8899328,21.5261694,-104.8877547,, 
PG15169|FARMACIAS DEL AHORRO SUC. MIRAVALLE,21.47342154,-104.8899328,21.5116638,-104.8917388,, 
PG15169|FARMACIAS DEL AHORRO SUC. MIRAVALLE,21.47342154,-104.8899328,,,, 
PG15295|FARMACIAS ROMA SUC. VILLAS DEL CAMPO,32.5080407,-116.735796,32.5079819,-116.7355764,, 
PG15473|FARMACIAS ROMA SUC. MIRADOR,32.52912429,-117.0895901,32.5332801,-117.0471657,, 
PG15524|BENAVIDES SUC. SANTIAGO IXCUINTLA,21.8078228,-105.2058337,21.5108446,-104.8920865,, 
PG15536|FARMACIAS ROMA SUC. EL REFUGIO,32.46123545,-116.8803682,32.4578274,-116.9249992,, 
PG15536|FARMACIAS ROMA SUC. EL REFUGIO,32.46123545,-116.8803682,,,, 
PG15738|FARMACIAS DEL AHORRO SUC. TULTEPEC CENTRO,19.679814,-99.142913,,,, 
PG15942|FARMACIAS DEL AHORRO SUC. TEZONTLE,19.3831,-99.08979,19.3823409,-99.1014795,, 
PG15947|FARMACIAS DEL AHORRO SUC. MADRID,19.35668043,-99.16789214,19.3735842,-99.1625946,, 
PG16006|ALSUPER SUC. EQUUS,28.66724,-105.991827,,,, 
PG16413|FARMACIAS GUADALAJARA SUC. MAZATLAN GABRIEL LEYVA,23.226852,-106.399216,23.2572017,-106.43977,, 
PG16413|FARMACIAS GUADALAJARA SUC. MAZATLAN GABRIEL LEYVA,23.226852,-106.399216,23.2317487,-106.4194789,, 
PG16413|FARMACIAS GUADALAJARA SUC. MAZATLAN GABRIEL LEYVA,23.226852,-106.399216,23.2352895,-106.4211882,, 
PG16413|FARMACIAS GUADALAJARA SUC. MAZATLAN GABRIEL LEYVA,23.226852,-106.399216,23.2316369,-106.4195128,, 
PG16413|FARMACIAS GUADALAJARA SUC. MAZATLAN GABRIEL LEYVA,23.226852,-106.399216,,,, 
PG16482|MEDEXX FARMACIAS SUC. SAN ANTONIO,25.59243661,-103.4827188,25.6091359,-103.4916138,, 
PG16482|MEDEXX FARMACIAS SUC. SAN ANTONIO,25.59243661,-103.4827188,,,, 
PG16483|FARMACIAS GUADALAJARA SUC. GOMEZ PALACIO SAN ANTON,25.593504,-103.482648,25.6092373,-103.4915236,, 
PG16483|FARMACIAS GUADALAJARA SUC. GOMEZ PALACIO SAN ANTON,25.593504,-103.482648,25.6047447,-103.4878494,, 
PG16483|FARMACIAS GUADALAJARA SUC. GOMEZ PALACIO SAN ANTON,25.593504,-103.482648,,,, 
PG16513|FARMACIAS MODERNA SUC. COLOSIO,25.5828301,-108.462892,25.582781,-108.4628875,, 
PG16558|FARMACIAS GUADALAJARA SUC. MONTERREY JUAREZ,25.683092,-100.313251,,,, 
PG16560|FARMACIAS GUADALAJARA SUC. MONTERREY VENUSTIANO CA,25.67783284,-100.3331012,25.6372621,-100.309716,, 
PG16560|FARMACIAS GUADALAJARA SUC. MONTERREY VENUSTIANO CA,25.67783284,-100.3331012,25.6372343,-100.3097124,, 
PG16693|FARMACIAS MODERNA SUC. MARINA,23.239636,-106.432765,23.22803511,-106.3984978,, 
PG16702|FARMACIAS GUADALAJARA SUC. MAZATLAN RAFAEL BUELNA,23.24223114,-106.4426506,23.22757339,-106.3985235,, 
PG16702|FARMACIAS GUADALAJARA SUC. MAZATLAN RAFAEL BUELNA,23.24223114,-106.4426506,23.25241301,-106.4240511,, 
PG16702|FARMACIAS GUADALAJARA SUC. MAZATLAN RAFAEL BUELNA,23.24223114,-106.4426506,,,, 
PG16725|WALMART SUC. ENSENADA,31.82164308,-116.5998769,,,, 
PG16771|BENAVIDES SUC. ALAMEDA,21.50931433,-104.9022087,21.5221076,-104.9022027,, 
PG16771|BENAVIDES SUC. ALAMEDA,21.50931433,-104.9022087,21.516356,-104.9095021,, 
PG16771|BENAVIDES SUC. ALAMEDA,21.50931433,-104.9022087,,,, 
PG16820|WALMART SUC. PUERTO MACRO PLAZA HEROES,19.61764975,-99.04020138,19.6140877,-99.031716,, 
PG16828|FARMACIAS DEL AHORRO SUC. SAN MATEO CENTRO,19.26649969,-99.53006931,,,, 
PG16933|FARMACIAS GUADALAJARA SUC. TENANGO DEL VALLE,19.103583,-99.59026,19.2306821,-99.6295681,, 
PG16933|FARMACIAS GUADALAJARA SUC. TENANGO DEL VALLE,19.103583,-99.59026,19.2306406,-99.6295637,, 
PG17353|BODEGA AURRERA SUC. DIMAS,19.17581,-99.56801,19.1749196,-99.5680149,, 
PG17353|BODEGA AURRERA SUC. DIMAS,19.17581,-99.56801,19.2306822,-99.6295653,, 
PG17353|BODEGA AURRERA SUC. DIMAS,19.17581,-99.56801,,,, 
PG18083|WALMART SUC. PLAZA CENTRIKA,25.7049637,-100.3453793,25.7021579,-100.3083846,, 
PG18083|WALMART SUC. PLAZA CENTRIKA,25.7049637,-100.3453793,25.7021665,-100.3084505,, 
PG18096|BENAVIDES SUC. PRIVADAS DE LINDA VISTA,25.7128,-100.204684,,,, 
PG18121|BENAVIDES SUC. MONTES HIMALAYA,25.653366,-100.344119,,,, 
PG18131|FARMACIAS GUADALAJARA SUC. ESCOBEDO PLAZA LAS TORR,25.781697,-100.308767,25.7984529,-100.3394907,, 
PG18143|FARMACIAS GUADALAJARA SUC. APODACA CARR. A HUINALA,25.74697133,-100.1973267,,,, 
PG18422|FARMACIAS GUADALAJARA SUC. AGUASCALIENTES CONSTITU,21.92242,-102.285025,21.9226127,-102.2796512,, 
PG18422|FARMACIAS GUADALAJARA SUC. AGUASCALIENTES CONSTITU,21.92242,-102.285025,,,, 
PG19276|FARMACIAS GUADALAJARA SUC. COLIMA CAMINO REAL,19.2549133,-103.6943633,19.260697,-103.6925385,, 
PG19276|FARMACIAS GUADALAJARA SUC. COLIMA CAMINO REAL,19.2549133,-103.6943633,19.26196,-103.6950719,, 
PG19276|FARMACIAS GUADALAJARA SUC. COLIMA CAMINO REAL,19.2549133,-103.6943633,,,, 
PG19304|FARMACIAS GUADALAJARA SUC. SAN LUIS POTOSI VIAS HE,22.168971,-101.007549,22.1689895,-100.9879733,, 
PG19339|BENAVIDES SUC. IGNACIO ZARAGOZA,32.5714786,-115.3454276,32.5599343,-115.3588469,, 
PG19370|FARMACIAS MODERNA SUC. REAL DEL VALLE,23.276752,-106.42764,23.24428645,-106.4410332,, 
PG19370|FARMACIAS MODERNA SUC. REAL DEL VALLE,23.276752,-106.42764,,,, 
PG19447|BENAVIDES SUC. TINAJAS,19.338216,-99.240485,,,, 
PG19742|FARMACIAS GUADALAJARA SUC. MAZATLAN ZONA DORADA,23.25812959,-106.4612782,23.24471501,-106.4524009,, 
PG19742|FARMACIAS GUADALAJARA SUC. MAZATLAN ZONA DORADA,23.25812959,-106.4612782,,,, 
PG19989|FARMACIAS GUADALAJARA SUC. REYNOSA AMADO NERVO,26.06561983,-98.281242,26.0637314,-98.2809616,, 
PG20083|BENAVIDES SUC. GUASAVE PAYAN,25.56798333,-108.477294,,,, 
PG20149|FARMACIAS GUADALAJARA SUC. XALISCO CENTRO,21.4457507,-104.8997429,21.457377,-104.8947711,, 
PG20481|FARMACIAS GUADALAJARA SUC. GOMEZ PALACIO LAS GRANJ,25.5913063,-103.4954909,25.6092633,-103.4914881,, 
PG20481|FARMACIAS GUADALAJARA SUC. GOMEZ PALACIO LAS GRANJ,25.5913063,-103.4954909,,,, 
PG20653|FARMACIAS GUADALAJARA SUC. REYNOSA AV. LUXEMBURGO,26.08126,-98.274323,26.0815358,-98.2741587,, 
PG20695|FARMACIAS GUADALAJARA SUC. MAZATLAN AV. INSURGENTE,23.235349,-106.421166,23.2806433,-106.4340683,, 
PG20695|FARMACIAS GUADALAJARA SUC. MAZATLAN AV. INSURGENTE,23.235349,-106.421166,,,, 
PG20872|FARMACON SUC. CALLE 42,32.4396153,-114.7341426,32.4471889,-114.736819,, 
PG21092|FARMACIAS GUADALAJARA SUC. GUADALUPE BLVD. ACAPULC,25.721949,-100.18585,25.7112824,-100.1868843,, 
PG21092|FARMACIAS GUADALAJARA SUC. GUADALUPE BLVD. ACAPULC,25.721949,-100.18585,25.7238366,-100.1993179,, 
PG21784|FARMACIAS GUADALAJARA SUC. METEPEC PLAZA DEL PARQUE,19.2526585,-99.61169933,,,, 
PG21825|FARMACIAS GUADALAJARA SUC. ESCOBEDO REAL A SAN MAR,25.806056,-100.369124,25.8235638,-100.3647701,, 
PG21889|FARMACIAS MODERNA SUC. JUAN PABLO II,23.260536,-106.39689,,,, 
PG21916|WALMART SUC. LA PASTORA,25.64576274,-100.1684314,25.6648362,-100.241557,, 
PG22085|FARMACIAS GUADALAJARA SUC. MAZATLAN BLVD. BICENTEN,23.2586115,-106.42724,23.25510484,-106.4231742,, 
PG22085|FARMACIAS GUADALAJARA SUC. MAZATLAN BLVD. BICENTEN,23.2586115,-106.42724,,,, 
PG22267|FARMACIAS GUADALAJARA SUC. SALTILLO CUAUHTEMOC,25.46818857,-100.9618657,,,, 
PG22370|FARMACIAS DEL AHORRO SUC. CHALCO,19.265558,-98.897603,19.3211223,-98.9549648,, 
PG22425|FARMACIAS GUADALAJARA SUC. SAN NICOLAS DE LOS GARZ,25.754911,-100.295643,25.742234,-100.3122671,, 
PG22450|FARMACON SUC. JIQUILPAN,25.80273813,-108.98854,,,, 
PG22775|FARMACIAS GUADALAJARA SUC. ESCOBEDO PASEO DE LA AM,25.8003295,-100.3151912,25.7870247,-100.3213446,, 
PG22782|FARMACIAS GUADALAJARA SUC. IRAPUATO AV. ESTRELLA,20.696489,-101.3578165,,,, 
PG23479|BODEGA AURRERA SUC. GOBERNADORA,19.558473,-99.025005,19.5607226,-99.0303343,, 
PG23609|BENAVIDES SUC. ALTIKA,19.406107,-99.275977,,,, 
PG23941|FARMACON SUC. DEL BOSQUE,25.5721383,-108.47605,,,, 
PG24383|FARMACIAS GUADALAJARA SUC. TEPIC RIO SUCHIATE,21.483986,-104.888198,21.4544689,-104.8966108,, 
PG24383|FARMACIAS GUADALAJARA SUC. TEPIC RIO SUCHIATE,21.483986,-104.888198,21.4910233,-104.8823468,, 
PG24383|FARMACIAS GUADALAJARA SUC. TEPIC RIO SUCHIATE,21.483986,-104.888198,,,, 
PG24386|FARMACIAS GUADALAJARA SUC. CULIACAN ISLA MUSALA,24.8238444,-107.370251,24.82359,-107.3703089,, 
PG24402|FARMACIAS GUADALAJARA SUC. SAN NICOLAS DE LOS GARZ,25.73964,-100.258896,25.7361979,-100.2694366,, 
PG24402|FARMACIAS GUADALAJARA SUC. SAN NICOLAS DE LOS GARZ,25.73964,-100.258896,25.7362015,-100.2694541,, 
PG24437|FARMACIAS DEL AHORRO SUC. PASEO CONSTITUYENTES,20.534286,-100.43794,,,, 
PG24491|FARMACIAS GUADALAJARA SUC. LOS MOCHIS BLVD. ROSALE,25.791379,-108.9988197,25.8012023,-108.9922764,, 
PG24503|FARMACIAS GUADALAJARA SUC. TOLUCA VICENTE LOMBARDO,19.307011,-99.597757,19.3069168,-99.5976862,, 
PG24639|FARMACIAS GUADALAJARA SUC. GUADALUPE CARRETERA A R,25.668852,-100.180642,,,, 
PG24722|FARMACIAS GUADALAJARA SUC. SAN LUIS POTOSI LOMAS B,22.14191325,-101.0189375,,,, 
PG24977|FARMACIAS MODERNA SUC. FLORES MAGON,23.24250268,-106.3833885,,,, 
PG25429|FARMACIAS GUADALAJARA SUC. GOMEZ PALACIO LAZARO CA,25.5649834,-103.484479,25.5804132,-103.493608,, 
PG25429|FARMACIAS GUADALAJARA SUC. GOMEZ PALACIO LAZARO CA,25.5649834,-103.484479,,,, 
PG25462|FARMACIAS DEL AHORRO SUC. CHE GUEVARA,21.4840451,-104.8766619,21.4777218,-104.8685952,, 
PG25462|FARMACIAS DEL AHORRO SUC. CHE GUEVARA,21.4840451,-104.8766619,21.4695697,-104.8883349,, 
PG25462|FARMACIAS DEL AHORRO SUC. CHE GUEVARA,21.4840451,-104.8766619,21.4748987,-104.8581951,, 
PG25462|FARMACIAS DEL AHORRO SUC. CHE GUEVARA,21.4840451,-104.8766619,21.4775886,-104.8686192,, 
PG25462|FARMACIAS DEL AHORRO SUC. CHE GUEVARA,21.4840451,-104.8766619,21.4746988,-104.8598128,, 
PG25477|FARMACIAS MODERNA SUC. LOS SAUCES,23.2465737,-106.403104,23.2317665,-106.4195313,, 
PG25477|FARMACIAS MODERNA SUC. LOS SAUCES,23.2465737,-106.403104,23.2317693,-106.4195349,, 
PG25477|FARMACIAS MODERNA SUC. LOS SAUCES,23.2465737,-106.403104,,,, 
PG25803|FARMACIAS GUADALAJARA SUC. GOMEZ PALACIO LAS ROSAS,25.552832,-103.493553,25.5548303,-103.5063888,, 
PG25803|FARMACIAS GUADALAJARA SUC. GOMEZ PALACIO LAS ROSAS,25.552832,-103.493553,25.5612496,-103.4945295,, 
PG25803|FARMACIAS GUADALAJARA SUC. GOMEZ PALACIO LAS ROSAS,25.552832,-103.493553,,,, 
PG25890|FARMACIAS DEL AHORRO SUC. TENANGO,19.103399,-99.589125,19.2344107,-99.5972183,, 
PG25890|FARMACIAS DEL AHORRO SUC. TENANGO,19.103399,-99.589125,19.1656202,-99.5715263,, 
PG25890|FARMACIAS DEL AHORRO SUC. TENANGO,19.103399,-99.589125,19.1486473,-99.5842048,, 
PG25890|FARMACIAS DEL AHORRO SUC. TENANGO,19.103399,-99.589125,19.1576889,-99.5751717,, 
PG25890|FARMACIAS DEL AHORRO SUC. TENANGO,19.103399,-99.589125,19.2306697,-99.6295731,, 
PG25890|FARMACIAS DEL AHORRO SUC. TENANGO,19.103399,-99.589125,,,, 
PG26059|FARMACIAS GUADALAJARA SUC. CULIACAN BLVD. ENRIQUE,24.829413,-107.398858,,,, 
PG26095|FARMACIAS MODERNA SUC. LA JOYA,23.263251,-106.421592,23.25655906,-106.4297274,, 
PG26125|FARMACIAS GUADALAJARA SUC. NUEVO LAREDO WASHINGTON,27.4838185,-99.51769375,27.4930709,-99.5253026,, 
PG26158|FARMAPRONTO MEDIC-PER FARMACIA LA LUZ,21.9821327,-99.0150339,22.0035275,-99.0244333,, 
PG26215|WALMART SUC. GUASAVE,25.581328,-108.473787,,,, 
PG26216|FARMACON SUC. ANGEL FLORES,25.55629746,-108.4732648,25.572971,-108.4734805,, 
PG26509|FARMACIAS ISSEG SUC. 101,20.99729658,-101.2883378,,,, 
PG26919|BENAVIDES SUC. LAS FUENTES REYNOSA,26.05573579,-98.32028746,,,, 
PG27054|BENAVIDES SUC. JUPITER,25.456775,-101.016998,25.4581405,-101.011912,, 
PG27071|FARMACIAS GUADALAJARA SUC. VILLA DE ALVAREZ AYUNTA,19.279687,-103.7333105,19.246507,-103.7570406,, 
PG27071|FARMACIAS GUADALAJARA SUC. VILLA DE ALVAREZ AYUNTA,19.279687,-103.7333105,19.2795351,-103.7333694,, 
PG27071|FARMACIAS GUADALAJARA SUC. VILLA DE ALVAREZ AYUNTA,19.279687,-103.7333105,,,, 
PG27106|WALMART SUC. CABO SAN LUCAS,22.88922273,-109.9077201,22.9028394,-109.8986781,, 
PG27411|WALMART SUC. PERIFERICO CUAUTITLAN,19.646988,-99.19517625,19.6532656,-99.1963085,, 
PG27458|FARMACIAS GUADALAJARA SUC. GOMEZ PALACIO AV. FRANC,25.572088,-103.497898,,,, 
PG27459|FARMACIAS GUADALAJARA SUC. GOMEZ PALACIO FRACC. EL REFUGIO,25.5924167,-103.5134633,,,, 
PG27573|FARMACIAS GUADALAJARA SUC. SANTIAGO TIANGUISTENCO CENTRO,19.180763,-99.470221,19.2277713,-99.6336297,, 
PG27573|FARMACIAS GUADALAJARA SUC. SANTIAGO TIANGUISTENCO CENTRO,19.180763,-99.470221,19.2306668,-99.6295482,, 
PG27573|FARMACIAS GUADALAJARA SUC. SANTIAGO TIANGUISTENCO CENTRO,19.180763,-99.470221,19.2032297,-99.5642899,, 
PG27573|FARMACIAS GUADALAJARA SUC. SANTIAGO TIANGUISTENCO CENTRO,19.180763,-99.470221,19.18805,-99.5193778,, 
PG27573|FARMACIAS GUADALAJARA SUC. SANTIAGO TIANGUISTENCO CENTRO,19.180763,-99.470221,19.2277581,-99.6336245,, 
PG27573|FARMACIAS GUADALAJARA SUC. SANTIAGO TIANGUISTENCO CENTRO,19.180763,-99.470221,19.2033184,-99.5645474,, 
PG27573|FARMACIAS GUADALAJARA SUC. SANTIAGO TIANGUISTENCO CENTRO,19.180763,-99.470221,19.2255038,-99.6353529,, 
PG27573|FARMACIAS GUADALAJARA SUC. SANTIAGO TIANGUISTENCO CENTRO,19.180763,-99.470221,,,, 
PG28104|FARMACIAS GUADALAJARA SUC. OCOYOACAC,19.2724488,-99.4605242,,,, 
PG28556|FARMACIAS GUADALAJARA SUC. MAZATLAN PLAYA SUR,23.195472,-106.421544,23.2317714,-106.4195346,, 
PG28556|FARMACIAS GUADALAJARA SUC. MAZATLAN PLAYA SUR,23.195472,-106.421544,23.2543333,-106.437745,, 
PG28556|FARMACIAS GUADALAJARA SUC. MAZATLAN PLAYA SUR,23.195472,-106.421544,23.2541165,-106.4377841,, 
PG28556|FARMACIAS GUADALAJARA SUC. MAZATLAN PLAYA SUR,23.195472,-106.421544,23.2825377,-106.4341458,, 
PG28556|FARMACIAS GUADALAJARA SUC. MAZATLAN PLAYA SUR,23.195472,-106.421544,,,, 
PG28558|FARMACIAS MODERNA SUC. JUAREZ,23.2299865,-106.4049268,23.2247145,-106.4198061,, 
PG28558|FARMACIAS MODERNA SUC. JUAREZ,23.2299865,-106.4049268,,,, 
PG28559|FARMACIAS MODERNA SUC. ALARCON,23.267422,-106.411752,,,, 
PG28574|FARMACIAS DEL AHORRO SUC. ENSUE¥O,20.57967175,-100.415419,20.57956,-100.4153164,, 
PG28613|FARMACIAS DEL AHORRO SUC. LAS ROSAS,25.55307078,-103.4913856,,,, 
PG28687|FARMACIAS DEL AHORRO SUC. VALLE SUR,19.37583,-99.16186,19.372436,-99.1716691,, 
PG28703|FARMACIAS DEL AHORRO SUC. SANTA MARIA AZTAHUACAN,19.348806,-99.01835,,,, 
PG28813|BENAVIDES SUC. JUPITER,31.678942,-106.36404,,,, 
PG29006|BENAVIDES SUC. SAN BERNARDINO,29.08824622,-110.9992737,,,, 
PG29075|FARMACIAS DEL AHORRO SUC. JARDINES DEL SAUCITO,28.6739654,-106.134889,,,, 
PG29082|FARMACIAS DEL AHORRO SUC. TARASQUILLO,19.3442872,-99.1889521,19.3820872,-99.1932761,, 
PG29089|FARMACIAS DEL AHORRO SUC. CENTENARIO,19.365788,-99.195742,19.3656917,-99.1955932,, 
PG29170|FARMACIAS DEL AHORRO SUC. CIUDAD DEL VALLE,21.4905301,-104.8857865,21.4878765,-104.8708194,, 
PG29170|FARMACIAS DEL AHORRO SUC. CIUDAD DEL VALLE,21.4905301,-104.8857865,21.526172,-104.8877552,, 
PG29170|FARMACIAS DEL AHORRO SUC. CIUDAD DEL VALLE,21.4905301,-104.8857865,21.4866721,-104.8889037,, 
PG29170|FARMACIAS DEL AHORRO SUC. CIUDAD DEL VALLE,21.4905301,-104.8857865,,,, 
PG29206|FARMACIAS DEL AHORRO SUC. JARDINES,20.5702086,-100.4081689,20.5661126,-100.4117444,, 
PG29206|FARMACIAS DEL AHORRO SUC. JARDINES,20.5702086,-100.4081689,20.5658526,-100.411647,, 
PG29294|FARMACIAS GUADALAJARA SUC. CD. JUAREZ LAS PALMAS,31.664088,-106.363702,,,, 
PG29295|FARMACIAS GUADALAJARA SUC. CD.JUAREZ EJERCITO NACI,31.675907,-106.376722,,,, 
PG29299|FARMACIAS GUADALAJARA SUC. IZTAPALAPA EL MANTO,19.354633,-99.083568,,,, 
PG29303|FARMACIAS GUADALAJARA SUC. IZTAPALAPA SAN LORENZO,19.326967,-99.07535,,,, 
PG29312|FARMACIAS GUADALAJARA SUC. CUAUTHEMOC CALZ. GUADALUPE,19.454191,-99.12959,,,, 
PG29326|FARMACIAS GUADALAJARA SUC. DURANGO GUADALUPE VICTO,24.038954,-104.67234,24.032503,-104.671354,, 
PG29329|FARMACIAS GUADALAJARA SUC. LEON PLAZA BERLIN,21.188224,-101.663767,21.1973913,-101.6695228,, 
PG29406|FARMACIAS GUADALAJARA SUC. TOLUCA EDO. DE MEXICO,19.31876717,-99.66192766,19.3291082,-99.6583237,, 
PG29406|FARMACIAS GUADALAJARA SUC. TOLUCA EDO. DE MEXICO,19.31876717,-99.66192766,,,, 
PG29409|FARMACIAS GUADALAJARA SUC. SAN ANTONIO LA ISLA SAN DIMAS,19.17478,-99.564309,19.2305632,-99.6294621,, 
PG29409|FARMACIAS GUADALAJARA SUC. SAN ANTONIO LA ISLA SAN DIMAS,19.17478,-99.564309,19.2377817,-99.5977781,, 
PG29409|FARMACIAS GUADALAJARA SUC. SAN ANTONIO LA ISLA SAN DIMAS,19.17478,-99.564309,19.1612954,-99.5724549,, 
PG29409|FARMACIAS GUADALAJARA SUC. SAN ANTONIO LA ISLA SAN DIMAS,19.17478,-99.564309,19.157164,-99.5766457,, 
PG29409|FARMACIAS GUADALAJARA SUC. SAN ANTONIO LA ISLA SAN DIMAS,19.17478,-99.564309,19.2306814,-99.6295594,, 
PG29409|FARMACIAS GUADALAJARA SUC. SAN ANTONIO LA ISLA SAN DIMAS,19.17478,-99.564309,,,, 
PG29445|FARMACIAS GUADALAJARA SUC. TEPIC GOBERNADORES,21.4879006,-104.8729811,21.474723,-104.8581984,, 
PG29445|FARMACIAS GUADALAJARA SUC. TEPIC GOBERNADORES,21.4879006,-104.8729811,21.4870566,-104.8780053,, 
PG29445|FARMACIAS GUADALAJARA SUC. TEPIC GOBERNADORES,21.4879006,-104.8729811,21.5261408,-104.8877502,, 
PG29445|FARMACIAS GUADALAJARA SUC. TEPIC GOBERNADORES,21.4879006,-104.8729811,,,, 
PG29448|FARMACIAS GUADALAJARA SUC. TEPIC JACARANDAS,21.50652823,-104.9068786,21.5105124,-104.8937811,, 
PG29449|FARMACIAS GUADALAJARA SUC. TEPIC VISTAS DE LA CANT,21.4916561,-104.8311194,21.5261449,-104.8877536,, 
PG29449|FARMACIAS GUADALAJARA SUC. TEPIC VISTAS DE LA CANT,21.4916561,-104.8311194,21.5261295,-104.8877462,, 
PG29449|FARMACIAS GUADALAJARA SUC. TEPIC VISTAS DE LA CANT,21.4916561,-104.8311194,,,, 
PG29450|FARMACIAS GUADALAJARA SUC. TEPIC INSURGENTES,21.4840647,-104.8766998,21.4925362,-104.8795769,, 
PG29450|FARMACIAS GUADALAJARA SUC. TEPIC INSURGENTES,21.4840647,-104.8766998,,,, 
PG29455|FARMACIAS GUADALAJARA SUC. ESCOBEDO AV. PARQUE IND,25.79232055,-100.3313746,25.7899368,-100.3227893,, 
PG29455|FARMACIAS GUADALAJARA SUC. ESCOBEDO AV. PARQUE IND,25.79232055,-100.3313746,,,, 
PG29459|FARMACIAS GUADALAJARA SUC. ESCOBEDO MIRASUR,25.7962241,-100.343443,25.8054924,-100.3425887,, 
PG29459|FARMACIAS GUADALAJARA SUC. ESCOBEDO MIRASUR,25.7962241,-100.343443,25.7949493,-100.3349798,, 
PG29459|FARMACIAS GUADALAJARA SUC. ESCOBEDO MIRASUR,25.7962241,-100.343443,25.7928404,-100.3314027,, 
PG29459|FARMACIAS GUADALAJARA SUC. ESCOBEDO MIRASUR,25.7962241,-100.343443,,,, 
PG29463|FARMACIAS GUADALAJARA SUC. GUADALUPE CONSTITUYENTE,25.69164667,-100.26177,25.686758,-100.2650951,, 
PG29470|FARMACIAS GUADALAJARA SUC. ESCOBEDO ABASOLO,25.805113,-100.33414,25.8049404,-100.3343162,, 
PG29506|FARMACIAS GUADALAJARA SUC. SAN LUIS POTOSI CALLE 2,22.13154275,-100.9007463,,,, 
PG29520|FARMACIAS GUADALAJARA SUC. GUASAVE 20 DE NOVIEMBRE,25.586735,-108.4688367,25.5699913,-108.4611669,, 
PG29520|FARMACIAS GUADALAJARA SUC. GUASAVE 20 DE NOVIEMBRE,25.586735,-108.4688367,25.5885227,-108.4741875,, 
PG29522|FARMACIAS GUADALAJARA SUC. MAZATLAN SANCHEZ CELIS,23.246672,-106.432563,,,, 
PG29523|FARMACIAS GUADALAJARA SUC. MAZATLAN REAL PACIFICO,23.27655024,-106.430805,23.23609014,-106.4213022,, 
PG29523|FARMACIAS GUADALAJARA SUC. MAZATLAN REAL PACIFICO,23.27655024,-106.430805,,,, 
PG29524|FARMACIAS GUADALAJARA SUC. MAZATLAN SANTA ROSA,23.244162,-106.419593,23.228328,-106.3980527,, 
PG30015|FARMACIAS KLYNS SUC. FILADELFIA,25.58486044,-103.4939163,25.6092965,-103.491567,, 
PG30845|FARMACON SUC. MANZARA,23.280724,-106.46783,,,, 
PG30848|FARMACON SUC. SEMINARIO,23.2845593,-106.421379,23.25375774,-106.4197159,, 
PG30848|FARMACON SUC. SEMINARIO,23.2845593,-106.421379,,,, 
PG31143|FARMACON SUC. ROBLES,23.284643,-106.431421,23.24482364,-106.4193734,, 
PG31143|FARMACON SUC. ROBLES,23.284643,-106.431421,,,, 
PG31976|FARMACIAS ROMA SUC. AZTLAN,32.4077,-117.048256,32.4438319,-117.0359528,, 
PG33000|FARMACIAS GUADALAJARA SUC. AGUASCALIENTES MISION,21.932311,-102.321171,,,, 
PG33006|FARMACIAS GUADALAJARA SUC. ENSENADA NOVENA,31.871351,-116.62234,,,, 
PG33009|FARMACIAS GUADALAJARA SUC. TIJUANA CLOUTHIER,32.49369128,-116.883596,32.5008175,-116.886065,, 
PG33014|FARMACIAS DEL AHORRO SUC. ATLALILCO,19.35548286,-99.10026314,19.36569427,-99.10933332,, 
PG33014|FARMACIAS DEL AHORRO SUC. ATLALILCO,19.35548286,-99.10026314,,,, 
PG33034|WALMART SUC. BARRANCA DEL MUERTO (PORTAL SAN ANGEL),19.36152021,-99.1908091,19.3820913,-99.1932444,, 
PG33034|WALMART SUC. BARRANCA DEL MUERTO (PORTAL SAN ANGEL),19.36152021,-99.1908091,19.3725013,-99.1929946,, 
PG33034|WALMART SUC. BARRANCA DEL MUERTO (PORTAL SAN ANGEL),19.36152021,-99.1908091,19.3821259,-99.1932483,, 
PG33075|FARMACIAS GUADALAJARA SUC. IZTAPALAPA ROJO GOMEZ,19.3741696,-99.0783382,,,, 
PG33117|FARMACIAS DEL AHORRO SUC. NEZAHUALCOYOTL,19.399477,-99.028854,19.4134766,-99.0209628,, 
PG33131|FARMACIAS GUADALAJARA SUC. MAGDALENA CONTRERAS AV. MEXICO,19.31175008,-99.22541631,,,, 
PG33152|FARMACIAS ROMA SUC. POPOTLA,32.3260552,-117.049738,32.326093,-117.0498861,, 
PG33218|FARMACIAS GUADALAJARA SUC. APODACA ORQUIDEAS,25.70767,-100.159874,,,, 
PG33241|FARMACIAS GUADALAJARA SUC. CAMPECHE ALVARO OBREGON,28.6926613,-100.536719,,,, 
PG33300|WALMART SUC. PUERTA TLATELOLCO,19.455965,-99.1416702,19.4438293,-99.1526174,, 
PG33302|ALSUPER SUC. EL LEON,28.6721083,-106.027538,28.6774644,-106.0274655,, 
PG33310|FARMACIAS GUADALAJARA SUC. DURANGO RNDA. LAS FLORE,24.0438833,-104.5953133,24.0420622,-104.6028587,, 
PG33347|BENAVIDES SUC. GIRASOLES,19.25957157,-103.7055694,19.266963,-103.7106358,, 
PG33385|FARMACIAS DEL AHORRO SUC. NUEVA ESPA¥A,28.620617,-106.030768,,,, 
PG33525|FARMACIAS GUADALAJARA SUC. COLIMA CONSTITUCION,19.266393,-103.709247,19.2616221,-103.7138936,, 
PG33525|FARMACIAS GUADALAJARA SUC. COLIMA CONSTITUCION,19.266393,-103.709247,19.2622271,-103.7059303,, 
PG33525|FARMACIAS GUADALAJARA SUC. COLIMA CONSTITUCION,19.266393,-103.709247,,,, 
PG33603|BODEGA AURRERA SUC. FLORES MAGON,19.450716,-99.14134,,,, 
PG33979|FARMACIAS KLYNS SUC. SANTA TERESA,25.58872998,-103.463282,25.5743647,-103.4732333,, 
PG34215|FARMACIAS GUADALAJARA SUC. CHIHUAHUA AV. JUAREZ,28.65602364,-106.0637566,28.6531102,-106.0586907,, 
PG34215|FARMACIAS GUADALAJARA SUC. CHIHUAHUA AV. JUAREZ,28.65602364,-106.0637566,28.6530657,-106.0590581,, 
PG34215|FARMACIAS GUADALAJARA SUC. CHIHUAHUA AV. JUAREZ,28.65602364,-106.0637566,28.6517088,-106.0622687,, 
PG34215|FARMACIAS GUADALAJARA SUC. CHIHUAHUA AV. JUAREZ,28.65602364,-106.0637566,,,, 
PG38117|FARMACIAS GUADALAJARA SUC. MEXICALI VALLE DE PUEBL,32.57780625,-115.3632935,,,, 
PG38950|FARMACIAS DEL AHORRO SUC. MIGUEL DE LA MADRID,25.69408697,-100.1738968,25.6949507,-100.1799557,, 
PG39104|FARMACIAS GUADALAJARA SUC. PIEDRAS NEGRAS LA VILLA,28.66817119,-100.5494308,28.6751867,-100.5459605,, 
PG43797|FARMACIAS GUADALAJARA SUC. COLIMA IGNACIO SANDOVAL,19.2593325,-103.7074006,19.2553488,-103.7102738,, 
PG43797|FARMACIAS GUADALAJARA SUC. COLIMA IGNACIO SANDOVAL,19.2593325,-103.7074006,,,, 
PG43820|FARMACIAS DEL AHORRO SUC. LA PRADERA,20.647043,-100.3429478,20.6524249,-100.3432678,, 
PG43820|FARMACIAS DEL AHORRO SUC. LA PRADERA,20.647043,-100.3429478,20.6516986,-100.3432782,, 
PG43820|FARMACIAS DEL AHORRO SUC. LA PRADERA,20.647043,-100.3429478,,,, 
PG43843|FARMACIAS DEL AHORRO SUC. PASEO DE LA LUZ,19.27471036,-99.63416074,,,, 
PG43902|FARMACIAS DEL AHORRO SUC. PLAZA 404,25.646001,-100.3601325,25.6468928,-100.3594144,, 
PG43907|FARMACIAS GUADALAJARA SUC. TEPIC INDEPENDENCIA,21.4947808,-104.8792818,,,, 
PG43969|FARMACIAS DEL AHORRO SUC. SAN MIGUEL,19.35237755,-99.07785364,,,, 
PG45140|FARMACIAS ROMA SUC. TERAN TERAN,32.5465273,-116.8933807,32.546478,-116.8935752,, 
PG48813|FARMACIAS ROMA SUC. LA LINEA,32.54091107,-117.0248188,32.5390631,-116.9962815,, 
PG48946|FARMACIAS GUADALAJARA SUC. CHIHUAHUA BLVD. FUENTES MARES,28.6207793,-106.0538308,28.6265911,-106.0579559,, 
PG48946|FARMACIAS GUADALAJARA SUC. CHIHUAHUA BLVD. FUENTES MARES,28.6207793,-106.0538308,,,, 
PG48965|FARMACIAS GUADALAJARA SUC. CULIACAN UNIVERSO,24.81983911,-107.4521878,,,, 
PG48975|FARMACIAS ISSEG SUC. 221,20.6688932,-101.3389388,20.6609213,-101.3408971,, 
PG48975|FARMACIAS ISSEG SUC. 221,20.6688932,-101.3389388,,,, 
PG48977|FARMACIAS GUADALAJARA SUC. TOLUCA PLAZA JUAREZ,19.280403,-99.653977,19.2959078,-99.6485918,, 
PG48982|FARMACIAS DEL AHORRO SUC. XOCO,19.3584442,-99.1622402,19.3748078,-99.1631344,, 
PG48982|FARMACIAS DEL AHORRO SUC. XOCO,19.3584442,-99.1622402,,,, 
PG49173|FARMACIAS GUADALAJARA SUC. MAZATLAN MUNICH,23.25938929,-106.3965286,23.2317688,-106.4195344,, 
PG49173|FARMACIAS GUADALAJARA SUC. MAZATLAN MUNICH,23.25938929,-106.3965286,23.2255683,-106.4202367,, 
PG49173|FARMACIAS GUADALAJARA SUC. MAZATLAN MUNICH,23.25938929,-106.3965286,,,, 
PG49358|FARMACIAS GUADALAJARA SUC. DURANGO PRIMO DE VERDAD,23.9947308,-104.679007,23.9937332,-104.6862805,, 
PG53341|FARMACIA SAN PABLO SUC. LA VILLA,19.475113,-99.12089,,,, 
PG53350|FARMACIA SAN PABLO SUC. MIXCOAC,19.36496496,-99.17731101,19.3748143,-99.1621328,, 
PG53350|FARMACIA SAN PABLO SUC. MIXCOAC,19.36496496,-99.17731101,19.374868,-99.1631526,, 
PG53350|FARMACIA SAN PABLO SUC. MIXCOAC,19.36496496,-99.17731101,,,, 
PG53374|FARMACIA SAN PABLO SUC. NEZA,19.388544,-99.035708,19.393028,-99.0510593,, 
PG53374|FARMACIA SAN PABLO SUC. NEZA,19.388544,-99.035708,,,, 
PG53380|FARMACIA SAN PABLO SUC. VERTIZ,19.3799723,-99.1531136,19.3750656,-99.1620481,, 
PG53390|FARMACIA SAN PABLO SUC. AV. TOLUCA,19.3494035,-99.1891756,19.384907,-99.1918109,, 
PG53398|FARMACIA SAN PABLO SUC. CANAL DE GARAY,19.3409692,-99.0630429,19.3541462,-99.0595148,, 
PG53398|FARMACIA SAN PABLO SUC. CANAL DE GARAY,19.3409692,-99.0630429,19.352777,-99.0598368,, 
PG53398|FARMACIA SAN PABLO SUC. CANAL DE GARAY,19.3409692,-99.0630429,,,, 
PG53410|FARMACIA SAN PABLO SUC. ALTAVISTA,19.34931065,-99.18905721,19.3725062,-99.1930172,, 
PG53410|FARMACIA SAN PABLO SUC. ALTAVISTA,19.34931065,-99.18905721,19.3821172,-99.1932568,, 
PG53410|FARMACIA SAN PABLO SUC. ALTAVISTA,19.34931065,-99.18905721,,,, 
PG53436|FARMACIA SAN PABLO SUC. BOLEO,19.4518176,-99.1252003,,,, 
PG53454|FARMACIA SAN PABLO SUC. ROJO GOMEZ,19.35819615,-99.08591195,,,, 
PG53461|FARMACIA SAN PABLO SUC. CANAL DE SAN JUAN,19.39063064,-99.05978164,19.3829256,-99.0609816,, 
PG53461|FARMACIA SAN PABLO SUC. CANAL DE SAN JUAN,19.39063064,-99.05978164,,,, 
PG53469|FARMACIA SAN PABLO SUC. PEÑON,19.3740779,-99.0188862,19.3851239,-99.0355157,, 
PG53469|FARMACIA SAN PABLO SUC. PEÑON,19.3740779,-99.0188862,,,, 
PG53470|LA COMER SUC. DEL VALLE,19.3751966,-99.1670863,19.3619805,-99.1826591,, 
PG53476|FARMACIA SAN PABLO SUC. FELIX CUEVAS,19.3732426,-99.1758319,,,, 
PG53535|FARMACIAS DEL AHORRO SUC. OSCAR PEREZ,23.2803288,-106.4348704,23.2526954,-106.4197013,, 
PG53535|FARMACIAS DEL AHORRO SUC. OSCAR PEREZ,23.2803288,-106.4348704,,,, 
PG53583|FARMACIAS DEL AHORRO SUC. JUAN PABLO,23.23943842,-106.4121794,23.2802974,-106.4348337,, 
PG53583|FARMACIAS DEL AHORRO SUC. JUAN PABLO,23.23943842,-106.4121794,23.2800633,-106.4345383,, 
PG53583|FARMACIAS DEL AHORRO SUC. JUAN PABLO,23.23943842,-106.4121794,23.280283,-106.4348043,, 
PG53583|FARMACIAS DEL AHORRO SUC. JUAN PABLO,23.23943842,-106.4121794,23.2802827,-106.4347764,, 
PG53583|FARMACIAS DEL AHORRO SUC. JUAN PABLO,23.23943842,-106.4121794,,,, 
PG53586|FARMACIAS GUADALAJARA SUC. TEPIC AV. TECNOLOGICO,21.4738622,-104.8568696,,,, 
PG53648|FARMACIAS DEL AHORRO SUC. LAZARO CARDENAS,25.5692278,-108.4723282,25.5699828,-108.4611794,, 
PG53648|FARMACIAS DEL AHORRO SUC. LAZARO CARDENAS,25.5692278,-108.4723282,25.5700063,-108.4611776,, 
PG53681|FARMACIAS DEL AHORRO SUC. CENTENARIO,25.79005672,-109.0126441,,,, 
PG53696|HEB SUC. LAS LOMAS,22.13229515,-101.0346347,22.1471203,-101.0134163,, 
PG53696|HEB SUC. LAS LOMAS,22.13229515,-101.0346347,,,, 
PG53717|FARMACIAS GUADALAJARA SUC. ENSENADA JOSE MARIA MORELOS,31.78333557,-116.5957685,,,, 
PG53725|FARMACIAS DEL AHORRO SUC. BAHIA,23.2527059,-106.4198446,23.24522736,-106.4197812,, 
PG53725|FARMACIAS DEL AHORRO SUC. BAHIA,23.2527059,-106.4198446,23.24616079,-106.4209863,, 
PG99530|FARMACIAS GUADALAJARA SUC. AV ERMITA,19.343271,-99.033082,19.3430168,-99.0450998,, 
PG99530|FARMACIAS GUADALAJARA SUC. AV ERMITA,19.343271,-99.033082,,,, 
PG99532|FARMACIAS GUADALAJATA SUC CANAL DE GARAY DEL GUSTAVO MAD,0,0,19.3488073,-99.0608413,, 
PG99532|FARMACIAS GUADALAJATA SUC CANAL DE GARAY DEL GUSTAVO MAD,0,0,19.3406438,-99.0633483,, 
PG99532|FARMACIAS GUADALAJATA SUC CANAL DE GARAY DEL GUSTAVO MAD,0,0,19.3402176,-99.0638471,, 
PG99532|FARMACIAS GUADALAJATA SUC CANAL DE GARAY DEL GUSTAVO MAD,0,0,,,, 
PG99534|FARMACIAS GUADALAJARA SUC. SAN IGNACIO,0,0,19.363149,-99.0987568,, 
PG99534|FARMACIAS GUADALAJARA SUC. SAN IGNACIO,0,0,19.3625417,-99.0980732,, 
PG99534|FARMACIAS GUADALAJARA SUC. SAN IGNACIO,0,0,,,, 
PG99535|FARMACIA GUADALAJARA SUC. BARATILLO,0,0,19.3807346,-99.0871002,, 
PG99535|FARMACIA GUADALAJARA SUC. BARATILLO,0,0,19.3802858,-99.0871321,, 
PG99535|FARMACIA GUADALAJARA SUC. BARATILLO,0,0,,,, 
PG99537|FARMACIAS ISSEG SUC. 216,20.669555,-101.338497,20.6657123,-101.3469994,, 
PG99555|269 SORIANA HIPER ZARAGOZA,19.38935,-99.041006,19.3385612,-99.0641749,, 
PG99555|269 SORIANA HIPER ZARAGOZA,19.38935,-99.041006,,,, 
PG99651|225 SOR.MERCADO LOS OLIVOS,19.39504,-98.9715,19.3430109,-98.977848,, 
PG99794|519 T.CALIMAX PEDREGAL,32.580218,-115.365668,32.5727957,-115.3654257,, 
PG99813|SORIANA HIPER HERMOSILLO SOLIDARIDAD,25.77802786,-100.3882034,29.0828107,-110.981993,, 
PG99813|SORIANA HIPER HERMOSILLO SOLIDARIDAD,25.77802786,-100.3882034,,,, 
PG99834|254 T. SMART FUENTES MARES,28.622475,-106.029082,28.6167396,-106.0261421,, 
PG99834|254 T. SMART FUENTES MARES,28.622475,-106.029082,28.6179917,-106.0204864,, 
PG99841|SMART CAPITAN,28.619098,-106.055472,,,, 
PG99843|SORIANA HIPER MIRADOR,28.640623,-106.102145,28.6317985,-106.0889313,, 
PG99898|SOLEDAD DE GRACIANO SUR,22.18429,-100.93529,22.16743088,-100.9346542,, 
PG99916|FARMACIAS DEL AHORRO QUERETARO LOMA DORADA,0,0,,,, 
PG99925|FARMACIAS GUADALAJARA LA VIRGEN SOLEDAD GRAC,0,0,,,, 
SU BODEGA INGENIO,21.99814749,-99.0258911,22.0047313,-99.0297224,, 
TIPZEN SUBODEGA,21.98017,-99.000863,22.0220789,-99.0127471,, 
VALLES CENTRO SUBODEGA,21.985528,-99.01765,21.9984062,-99.0193006,, 
